Date,Time,Humidity,Temperature,CO2
17/03/2025,21:29:52,66.9,18.56,1799
17/03/2025,21:30:52,64.6,18.56,1060
17/03/2025,21:31:52,64.2,18.44,973
17/03/2025,21:32:52,64,18.33,923
17/03/2025,21:33:52,63.5,18.28,900
17/03/2025,21:34:52,63.2,18.22,882
17/03/2025,21:35:52,62.9,18.17,867
17/03/2025,21:36:52,62.8,18.11,848
17/03/2025,21:37:52,62.4,18.06,829
17/03/2025,21:38:52,62.5,18.06,818
17/03/2025,21:39:52,62.5,18.06,811
17/03/2025,21:40:52,63.7,18,810
17/03/2025,21:41:52,64.3,17.89,825
17/03/2025,21:42:52,65.1,17.78,837
17/03/2025,21:43:52,66,17.72,848
17/03/2025,21:44:52,65.7,17.67,849
17/03/2025,21:45:52,65.7,17.61,848
17/03/2025,21:46:52,65.7,17.56,847
17/03/2025,21:47:52,65.7,17.56,848
17/03/2025,21:48:52,65.7,17.5,851
17/03/2025,21:49:52,66.1,17.5,860
17/03/2025,21:50:52,66.2,17.5,871
17/03/2025,21:51:52,66.2,17.5,877
17/03/2025,21:52:52,67.7,17.5,928
17/03/2025,21:53:52,67.7,17.56,950
17/03/2025,21:54:52,67.5,17.56,959
17/03/2025,21:55:52,67.3,17.56,973
17/03/2025,21:56:52,67.2,17.56,981
17/03/2025,21:57:52,67.1,17.56,993
17/03/2025,21:58:52,67.3,17.56,1007
17/03/2025,21:59:52,68.3,17.56,1042
17/03/2025,22:00:52,68.8,17.67,1071
17/03/2025,22:01:52,68.9,17.72,1107
17/03/2025,22:02:52,68.3,17.72,1142
17/03/2025,22:03:52,67.9,17.72,1145
17/03/2025,22:04:52,68.6,17.72,1172
17/03/2025,22:05:52,68.7,17.72,1184
17/03/2025,22:06:52,68.2,17.72,1192
17/03/2025,22:07:52,68.1,17.72,1194
17/03/2025,22:08:52,67.9,17.72,1200
17/03/2025,22:09:52,67.9,17.67,1204
17/03/2025,22:10:52,67.8,17.67,1207
17/03/2025,22:11:52,67.8,17.67,1210
17/03/2025,22:12:52,67.9,17.67,1221
17/03/2025,22:13:52,67.8,17.67,1223
17/03/2025,22:14:52,67.9,17.67,1228
17/03/2025,22:15:52,68.1,17.67,1238
17/03/2025,22:16:52,68,17.67,1247
17/03/2025,22:17:52,68,17.67,1256
17/03/2025,22:18:52,68.1,17.67,1263
17/03/2025,22:19:52,68.2,17.67,1271
17/03/2025,22:20:52,68.3,17.67,1285
17/03/2025,22:21:52,68.4,17.67,1297
17/03/2025,22:22:52,69,17.72,1318
17/03/2025,22:23:52,68.4,17.67,1306
17/03/2025,22:24:52,69.2,17.67,1287
17/03/2025,22:25:52,69.1,17.72,1289
17/03/2025,22:26:52,68.9,17.72,1298
17/03/2025,22:27:52,69,17.72,1304
17/03/2025,22:28:52,68.9,17.72,1313
17/03/2025,22:29:52,68.8,17.72,1320
17/03/2025,22:30:52,68.7,17.72,1322
17/03/2025,22:31:52,68.4,17.72,1325
17/03/2025,22:32:52,68.8,17.72,1334
17/03/2025,22:33:52,68.8,17.72,1344
17/03/2025,22:34:52,68.5,17.72,1352
17/03/2025,22:35:52,68.6,17.72,1359
17/03/2025,22:36:52,68.8,17.78,1371
17/03/2025,22:37:52,68.6,17.78,1380
17/03/2025,22:38:52,68.6,17.78,1388
17/03/2025,22:39:52,68.8,17.78,1393
17/03/2025,22:40:52,68.7,17.78,1399
17/03/2025,22:41:52,68.9,17.78,1410
17/03/2025,22:42:52,68.7,17.78,1423
17/03/2025,22:43:52,68.5,17.78,1432
17/03/2025,22:44:52,68.7,17.78,1439
17/03/2025,22:45:52,68.7,17.78,1444
17/03/2025,22:46:52,68.5,17.78,1456
17/03/2025,22:47:52,68.9,17.83,1465
17/03/2025,22:48:52,68.8,17.83,1474
17/03/2025,22:49:52,68.7,17.83,1481
17/03/2025,22:50:52,68.8,17.83,1480
17/03/2025,22:51:52,68.9,17.83,1485
17/03/2025,22:52:52,69,17.83,1498
17/03/2025,22:53:52,69,17.83,1508
17/03/2025,22:54:52,68.8,17.83,1516
17/03/2025,22:55:52,68.9,17.83,1515
17/03/2025,22:56:52,68.8,17.89,1522
17/03/2025,22:57:52,68.6,17.89,1530
17/03/2025,22:58:52,68.8,17.89,1539
17/03/2025,22:59:52,68.7,17.89,1548
17/03/2025,23:00:52,69,17.89,1556
17/03/2025,23:01:52,68.9,17.89,1556
17/03/2025,23:02:52,68.9,17.89,1559
17/03/2025,23:03:52,68.7,17.89,1562
17/03/2025,23:04:52,68.7,17.94,1565
17/03/2025,23:05:52,69,17.94,1566
17/03/2025,23:06:52,69,17.94,1572
17/03/2025,23:07:52,68.9,17.94,1580
17/03/2025,23:08:52,69.1,17.94,1592
17/03/2025,23:09:52,69.1,17.94,1604
17/03/2025,23:10:52,69,17.94,1605
17/03/2025,23:11:52,68.8,18,1608
17/03/2025,23:12:52,68.9,18,1613
17/03/2025,23:13:52,68.7,18,1616
17/03/2025,23:14:52,68.8,18,1617
17/03/2025,23:15:52,68.9,18,1623
17/03/2025,23:16:52,69,18,1629
17/03/2025,23:17:52,68.8,18,1633
17/03/2025,23:18:52,68.9,18,1636
17/03/2025,23:19:52,68.9,18.06,1638
17/03/2025,23:20:52,68.9,18.06,1643
17/03/2025,23:21:52,69,18.06,1647
17/03/2025,23:22:52,69,18.06,1652
17/03/2025,23:23:52,68.8,18.06,1656
17/03/2025,23:24:52,69,18.06,1659
17/03/2025,23:25:52,69.7,18.11,1674
17/03/2025,23:26:52,69.7,18.17,1700
17/03/2025,23:27:52,69.3,18.22,1714
17/03/2025,23:28:52,69.2,18.22,1724
17/03/2025,23:29:52,69,18.17,1731
17/03/2025,23:30:52,69.2,18.17,1734
17/03/2025,23:31:52,69.2,18.17,1745
17/03/2025,23:32:52,69,18.17,1755
17/03/2025,23:33:52,69.2,18.17,1754
17/03/2025,23:34:52,69.2,18.17,1753
17/03/2025,23:35:52,69.5,18.17,1768
17/03/2025,23:36:52,69.2,18.17,1776
17/03/2025,23:37:52,69.1,18.17,1777
17/03/2025,23:38:52,68.9,18.17,1768
17/03/2025,23:39:52,69,18.17,1761
17/03/2025,23:40:52,68.9,18.17,1758
17/03/2025,23:41:52,69.2,18.17,1754
17/03/2025,23:42:52,69.2,18.17,1763
17/03/2025,23:43:52,69.5,18.17,1774
17/03/2025,23:44:52,69.7,18.22,1798
17/03/2025,23:45:52,70.4,18.28,1845
17/03/2025,23:46:52,69.4,18.28,1817
17/03/2025,23:47:52,68.9,18.33,1787
17/03/2025,23:48:52,68.4,18.22,1711
17/03/2025,23:49:52,68.2,18.17,1639
17/03/2025,23:50:52,70.3,18.17,1682
17/03/2025,23:51:52,70.4,18.33,1763
17/03/2025,23:52:52,69,18.5,1740
17/03/2025,23:53:52,64,18.17,1278
17/03/2025,23:54:52,63.3,17.83,887
17/03/2025,23:55:52,63.8,17.5,752
17/03/2025,23:56:52,64.4,17.22,647
17/03/2025,23:57:52,64.7,17,594
17/03/2025,23:58:52,65.1,16.83,557
17/03/2025,23:59:52,65.3,16.72,517
18/03/2025,00:00:52,65.5,16.61,501
18/03/2025,00:01:52,65.2,16.5,482
18/03/2025,00:02:52,65.5,16.39,470
18/03/2025,00:03:52,65.8,16.33,460
18/03/2025,00:04:52,65.9,16.22,450
18/03/2025,00:05:52,66.1,16.17,449
18/03/2025,00:06:52,66.1,16.06,440
18/03/2025,00:07:52,66.4,16,439
18/03/2025,00:08:52,66.6,16,439
18/03/2025,00:09:52,66.4,16,440
18/03/2025,00:10:52,66.4,15.94,440
18/03/2025,00:11:52,66.4,15.94,439
18/03/2025,00:12:52,66.5,15.89,439
18/03/2025,00:13:52,66.6,15.83,437
18/03/2025,00:14:52,66.6,15.78,433
18/03/2025,00:15:52,66.8,15.72,436
18/03/2025,00:16:52,67.1,15.72,437
18/03/2025,00:17:52,66.9,15.89,445
18/03/2025,00:18:52,66.6,16.06,460
18/03/2025,00:19:52,66.4,16.17,468
18/03/2025,00:20:52,66,16.33,475
18/03/2025,00:21:52,65.8,16.44,484
18/03/2025,00:22:52,65.6,16.56,496
18/03/2025,00:23:52,65.3,16.61,509
18/03/2025,00:24:52,65.2,16.67,519
18/03/2025,00:25:52,65.3,16.72,536
18/03/2025,00:26:52,65.6,16.78,560
18/03/2025,00:27:52,65.8,16.83,592
18/03/2025,00:28:52,65.4,16.89,613
18/03/2025,00:29:52,65.4,16.89,626
18/03/2025,00:30:52,65.4,16.94,649
18/03/2025,00:31:52,65.4,17,665
18/03/2025,00:32:52,65.6,17,688
18/03/2025,00:33:52,66,17,711
18/03/2025,00:34:52,66.3,17.06,750
18/03/2025,00:35:52,66.2,17.06,767
18/03/2025,00:36:52,66.4,17.11,785
18/03/2025,00:37:52,66.5,17.11,804
18/03/2025,00:38:52,66.5,17.11,820
18/03/2025,00:39:52,66.6,17.17,832
18/03/2025,00:40:52,66.3,17.17,846
18/03/2025,00:41:52,66.3,17.17,852
18/03/2025,00:42:52,66.6,17.17,873
18/03/2025,00:43:52,67,17.22,891
18/03/2025,00:44:52,66.9,17.22,908
18/03/2025,00:45:52,66.8,17.22,919
18/03/2025,00:46:52,66.7,17.22,930
18/03/2025,00:47:52,66.7,17.28,937
18/03/2025,00:48:52,67.2,17.28,954
18/03/2025,00:49:52,67,17.28,971
18/03/2025,00:50:52,67.1,17.28,990
18/03/2025,00:51:52,66.9,17.28,998
18/03/2025,00:52:52,67.1,17.33,1009
18/03/2025,00:53:52,67.1,17.33,1026
18/03/2025,00:54:52,67.2,17.33,1037
18/03/2025,00:55:52,67.4,17.33,1055
18/03/2025,00:56:52,67.6,17.39,1071
18/03/2025,00:57:52,67.7,17.39,1088
18/03/2025,00:58:52,67.8,17.44,1114
18/03/2025,00:59:52,67.8,17.5,1137
18/03/2025,01:00:52,67.7,17.5,1148
18/03/2025,01:01:52,67.6,17.5,1157
18/03/2025,01:02:52,67.7,17.5,1178
18/03/2025,01:03:52,69.7,17.61,1287
18/03/2025,01:04:52,69.3,17.72,1351
18/03/2025,01:05:52,69.1,17.78,1423
18/03/2025,01:06:52,69.2,17.78,1509
18/03/2025,01:07:52,68.8,17.78,1491
18/03/2025,01:08:52,69,17.78,1482
18/03/2025,01:09:52,68.6,17.78,1484
18/03/2025,01:10:52,68.7,17.78,1487
18/03/2025,01:11:52,68.6,17.72,1493
18/03/2025,01:12:52,68.7,17.72,1494
18/03/2025,01:13:52,68.9,17.72,1504
18/03/2025,01:14:52,69.6,17.72,1553
18/03/2025,01:15:52,70,17.72,1599
18/03/2025,01:16:52,69.7,17.78,1634
18/03/2025,01:17:52,69.3,17.78,1623
18/03/2025,01:18:52,69.7,17.78,1634
18/03/2025,01:19:52,69.7,17.78,1660
18/03/2025,01:20:52,69.9,17.78,1681
18/03/2025,01:21:52,69.8,17.78,1709
18/03/2025,01:22:52,70,17.78,1742
18/03/2025,01:23:52,70,17.83,1777
18/03/2025,01:24:52,70.2,17.83,1813
18/03/2025,01:25:52,70.3,17.83,1867
18/03/2025,01:26:52,70.4,17.83,1924
18/03/2025,01:27:52,70.4,17.83,1971
18/03/2025,01:28:52,70.8,17.89,2019
18/03/2025,01:29:52,71.4,17.89,2075
18/03/2025,01:30:52,71.8,17.89,2125
18/03/2025,01:31:52,72.9,17.94,2379
18/03/2025,01:32:52,72.9,18.06,2433
18/03/2025,01:33:52,71.7,18.11,2391
18/03/2025,01:34:52,71.6,18.11,2374
18/03/2025,01:35:52,71.2,18.11,2365
18/03/2025,01:36:52,71,18.11,2356
18/03/2025,01:37:52,71,18.06,2357
18/03/2025,01:38:52,70.9,18.06,2362
18/03/2025,01:39:52,71,18.06,2362
18/03/2025,01:40:52,70.9,18.06,2369
18/03/2025,01:41:52,70.9,18,2372
18/03/2025,01:42:52,70.8,18,2374
18/03/2025,01:43:52,71.1,18,2394
18/03/2025,01:44:52,71.1,18,2407
18/03/2025,01:45:52,71,18,2420
18/03/2025,01:46:52,70.9,18,2419
18/03/2025,01:47:52,71,18,2433
18/03/2025,01:48:52,71.1,18,2437
18/03/2025,01:49:52,71.2,18,2424
18/03/2025,01:50:52,70.9,18,2423
18/03/2025,01:51:52,70.8,18,2423
18/03/2025,01:52:52,70.9,18,2434
18/03/2025,01:53:52,70.9,18,2441
18/03/2025,01:54:52,71.1,17.94,2458
18/03/2025,01:55:52,70.9,18,2464
18/03/2025,01:56:52,70.9,17.94,2470
18/03/2025,01:57:52,70.9,17.94,2472
18/03/2025,01:58:52,71.3,18,2488
18/03/2025,01:59:52,71,18,2488
18/03/2025,02:00:52,72,18,2538
18/03/2025,02:01:52,72.5,18.06,2638
18/03/2025,02:02:52,71.5,18.11,2618
18/03/2025,02:03:52,71,18.11,2520
18/03/2025,02:04:52,70.8,18.06,2509
18/03/2025,02:05:52,70.7,18.06,2516
18/03/2025,02:06:52,70.9,18.06,2532
18/03/2025,02:07:52,70.9,18,2540
18/03/2025,02:08:52,70.9,18,2546
18/03/2025,02:09:52,71.1,18,2553
18/03/2025,02:10:52,71,18,2559
18/03/2025,02:11:52,71.1,18,2571
18/03/2025,02:12:52,71,17.94,2573
18/03/2025,02:13:52,71.1,17.94,2573
18/03/2025,02:14:52,71.1,17.94,2583
18/03/2025,02:15:52,71.2,17.94,2589
18/03/2025,02:16:52,71.1,17.94,2579
18/03/2025,02:17:52,71,17.94,2569
18/03/2025,02:18:52,71,17.94,2573
18/03/2025,02:19:52,71,17.94,2600
18/03/2025,02:20:52,71,17.94,2610
18/03/2025,02:21:52,71.1,17.94,2615
18/03/2025,02:22:52,71.2,17.94,2629
18/03/2025,02:23:52,71.3,17.94,2643
18/03/2025,02:24:52,71.3,17.94,2642
18/03/2025,02:25:52,71.2,17.94,2657
18/03/2025,02:26:52,71.2,17.94,2639
18/03/2025,02:27:52,71.2,17.94,2627
18/03/2025,02:28:52,71,17.94,2596
18/03/2025,02:29:52,71,17.94,2613
18/03/2025,02:30:52,71.2,17.89,2602
18/03/2025,02:31:52,71.2,17.89,2618
18/03/2025,02:32:52,71.2,17.89,2616
18/03/2025,02:33:52,71.4,17.89,2644
18/03/2025,02:34:52,71.3,17.89,2668
18/03/2025,02:35:52,71.6,17.89,2668
18/03/2025,02:36:52,71.9,17.94,2688
18/03/2025,02:37:52,72.2,18,2708
18/03/2025,02:38:52,73.1,18.11,2756
18/03/2025,02:39:52,71.8,18.44,2809
18/03/2025,02:40:52,70.6,18.39,2774
18/03/2025,02:41:52,70.2,18.33,2783
18/03/2025,02:42:52,70.4,18.22,2691
18/03/2025,02:43:52,70.6,18.22,2698
18/03/2025,02:44:52,70.1,18.11,2679
18/03/2025,02:45:52,68.6,18,2381
18/03/2025,02:46:52,68.6,17.89,2320
18/03/2025,02:47:52,70.1,17.83,2271
18/03/2025,02:48:52,70.7,17.83,2429
18/03/2025,02:49:52,70.3,17.83,2354
18/03/2025,02:50:52,69.9,17.83,2251
18/03/2025,02:51:52,68.8,17.83,2102
18/03/2025,02:52:52,68.1,17.72,2013
18/03/2025,02:53:52,68.4,17.67,1989
18/03/2025,02:54:52,68.4,17.56,1908
18/03/2025,02:55:52,67.8,17.5,1852
18/03/2025,02:56:52,69.1,17.44,1833
18/03/2025,02:57:52,68.9,17.5,1774
18/03/2025,02:58:52,69.1,17.5,1724
18/03/2025,02:59:52,68.5,17.5,1693
18/03/2025,03:00:52,68.8,17.56,1763
18/03/2025,03:01:52,68.3,17.56,1659
18/03/2025,03:02:52,68.1,17.56,1557
18/03/2025,03:03:52,68.3,17.56,1565
18/03/2025,03:04:52,67.7,17.56,1579
18/03/2025,03:05:52,68.1,17.56,1564
18/03/2025,03:06:52,67.5,17.56,1637
18/03/2025,03:07:52,67.6,17.5,1589
18/03/2025,03:08:52,67.3,17.5,1498
18/03/2025,03:09:52,67.6,17.5,1434
18/03/2025,03:10:52,68,17.56,1400
18/03/2025,03:11:52,68.1,17.56,1367
18/03/2025,03:12:52,68.1,17.56,1370
18/03/2025,03:13:52,67.9,17.56,1408
18/03/2025,03:14:52,67.6,17.56,1560
18/03/2025,03:15:52,67.4,17.56,1498
18/03/2025,03:16:52,67.4,17.56,1472
18/03/2025,03:17:52,67.8,17.56,1394
18/03/2025,03:18:52,67.6,17.56,1363
18/03/2025,03:19:52,67.5,17.56,1386
18/03/2025,03:20:52,67.2,17.56,1392
18/03/2025,03:21:52,67.3,17.56,1444
18/03/2025,03:22:52,66.7,17.56,1457
18/03/2025,03:23:52,67.1,17.56,1399
18/03/2025,03:24:52,67,17.5,1360
18/03/2025,03:25:52,67.2,17.5,1372
18/03/2025,03:26:52,67.4,17.56,1351
18/03/2025,03:27:52,68.3,17.56,1350
18/03/2025,03:28:52,68.2,17.56,1382
18/03/2025,03:29:52,68.4,17.61,1370
18/03/2025,03:30:52,68.4,17.61,1358
18/03/2025,03:31:52,68.2,17.61,1358
18/03/2025,03:32:52,67.6,17.61,1381
18/03/2025,03:33:52,67.8,17.61,1356
18/03/2025,03:34:52,67.7,17.61,1348
18/03/2025,03:35:52,67.6,17.61,1372
18/03/2025,03:36:52,68.2,17.61,1341
18/03/2025,03:37:52,68.2,17.67,1347
18/03/2025,03:38:52,68.4,17.67,1347
18/03/2025,03:39:52,68.6,17.67,1337
18/03/2025,03:40:52,68.4,17.67,1343
18/03/2025,03:41:52,68.5,17.67,1359
18/03/2025,03:42:52,67.5,17.67,1374
18/03/2025,03:43:52,67.2,17.67,1380
18/03/2025,03:44:52,66.9,17.61,1347
18/03/2025,03:45:52,67,17.61,1349
18/03/2025,03:46:52,66.9,17.61,1307
18/03/2025,03:47:52,66.9,17.61,1257
18/03/2025,03:48:52,67.6,17.61,1235
18/03/2025,03:49:52,67.6,17.61,1251
18/03/2025,03:50:52,66.5,17.61,1266
18/03/2025,03:51:52,66.7,17.61,1243
18/03/2025,03:52:52,66.9,17.56,1256
18/03/2025,03:53:52,67,17.56,1194
18/03/2025,03:54:52,67.4,17.56,1158
18/03/2025,03:55:52,67.3,17.61,1172
18/03/2025,03:56:52,67.5,17.61,1157
18/03/2025,03:57:52,68.2,17.67,1389
18/03/2025,03:58:52,66.9,17.67,1363
18/03/2025,03:59:52,66.4,17.61,1257
18/03/2025,04:00:52,67.3,17.61,1238
18/03/2025,04:01:52,67.5,17.61,1194
18/03/2025,04:02:52,67.4,17.61,1189
18/03/2025,04:03:52,66.7,17.61,1245
18/03/2025,04:04:52,67.1,17.61,1235
18/03/2025,04:05:52,66.9,17.61,1238
18/03/2025,04:06:52,67.8,17.61,1220
18/03/2025,04:07:52,68.5,17.67,1313
18/03/2025,04:08:52,66.7,17.67,1329
18/03/2025,04:09:52,66.1,17.67,1232
18/03/2025,04:10:52,65.7,17.61,1211
18/03/2025,04:11:52,65.2,17.56,1179
18/03/2025,04:12:52,67.8,17.56,1311
18/03/2025,04:13:52,68.9,17.72,1399
18/03/2025,04:14:52,68.5,17.89,1391
18/03/2025,04:15:52,68.1,18,1389
18/03/2025,04:16:52,67,18.22,1378
18/03/2025,04:17:52,66.9,18.39,1388
18/03/2025,04:18:52,66.6,18.61,1413
18/03/2025,04:19:52,64.6,18.72,1380
18/03/2025,04:20:52,64.5,18.89,1371
18/03/2025,04:21:52,64.5,18.94,1392
18/03/2025,04:22:52,64.6,19.06,1409
18/03/2025,04:23:52,64.7,19.06,1419
18/03/2025,04:24:52,64.3,19,1417
18/03/2025,04:25:52,63.5,18.89,1372
18/03/2025,04:26:52,64.4,18.67,1316
18/03/2025,04:27:52,64.2,18.5,1271
18/03/2025,04:28:52,64.9,18.39,1246
18/03/2025,04:29:52,64.4,18.28,1221
18/03/2025,04:30:52,64.6,18.22,1206
18/03/2025,04:31:52,64.9,18.17,1177
18/03/2025,04:32:52,64.9,18.06,1147
18/03/2025,04:33:52,64.7,18.06,1111
18/03/2025,04:34:52,64.4,18,1087
18/03/2025,04:35:52,64.7,17.94,1064
18/03/2025,04:36:52,64.1,17.89,1032
18/03/2025,04:37:52,63.8,17.89,1003
18/03/2025,04:38:52,64.7,17.89,992
18/03/2025,04:39:52,65.1,17.89,1077
18/03/2025,04:40:52,65.5,17.89,1069
18/03/2025,04:41:52,66.5,17.94,1090
18/03/2025,04:42:52,65.4,17.94,1109
18/03/2025,04:43:52,64.9,17.89,1088
18/03/2025,04:44:52,64.9,17.89,1059
18/03/2025,04:45:52,64.9,17.89,1042
18/03/2025,04:46:52,64.9,17.83,1022
18/03/2025,04:47:52,64.3,17.83,1008
18/03/2025,04:48:52,64.2,17.83,993
18/03/2025,04:49:52,64.3,17.83,989
18/03/2025,04:50:52,63.8,17.83,983
18/03/2025,04:51:52,63.8,17.83,979
18/03/2025,04:52:52,63.9,17.83,969
18/03/2025,04:53:52,63.8,17.78,958
18/03/2025,04:54:52,63.6,17.78,952
18/03/2025,04:55:52,63.8,17.78,949
18/03/2025,04:56:52,63.1,17.78,950
18/03/2025,04:57:52,63.9,17.78,952
18/03/2025,04:58:52,63.5,17.72,949
18/03/2025,04:59:52,63.3,17.72,939
18/03/2025,05:00:52,63.1,17.72,939
18/03/2025,05:01:52,63.1,17.72,939
18/03/2025,05:02:52,63.3,17.72,940
18/03/2025,05:03:52,63.1,17.72,939
18/03/2025,05:04:52,63.1,17.72,934
18/03/2025,05:05:52,62.8,17.67,926
18/03/2025,05:06:52,63.2,17.67,924
18/03/2025,05:07:52,62.8,17.67,923
18/03/2025,05:08:52,62.9,17.67,918
18/03/2025,05:09:52,62.8,17.67,913
18/03/2025,05:10:52,62.7,17.67,909
18/03/2025,05:11:52,62.8,17.61,902
18/03/2025,05:12:52,62.8,17.61,903
18/03/2025,05:13:52,62.8,17.61,898
18/03/2025,05:14:52,63.2,17.61,909
18/03/2025,05:15:52,63.2,17.61,912
18/03/2025,05:16:52,63,17.56,909
18/03/2025,05:17:52,63.1,17.56,913
18/03/2025,05:18:52,63.1,17.56,922
18/03/2025,05:19:52,62.9,17.56,921
18/03/2025,05:20:52,63.1,17.56,925
18/03/2025,05:21:52,63.1,17.56,923
18/03/2025,05:22:52,62.9,17.56,918
18/03/2025,05:23:52,62.9,17.56,917
18/03/2025,05:24:52,62.9,17.56,917
18/03/2025,05:25:52,62.9,17.56,917
18/03/2025,05:26:52,62.7,17.56,919
18/03/2025,05:27:52,62.8,17.56,916
18/03/2025,05:28:52,62.8,17.56,913
18/03/2025,05:29:52,62.9,17.56,913
18/03/2025,05:30:52,62.8,17.56,915
18/03/2025,05:31:52,63,17.56,915
18/03/2025,05:32:52,63,17.56,920
18/03/2025,05:33:52,63.5,17.56,920
18/03/2025,05:34:52,63.9,17.56,922
18/03/2025,05:35:52,63.7,17.56,927
18/03/2025,05:36:52,63.4,17.56,929
18/03/2025,05:37:52,63.2,17.56,933
18/03/2025,05:38:52,63.3,17.5,934
18/03/2025,05:39:52,63.1,17.5,934
18/03/2025,05:40:52,63.2,17.5,934
18/03/2025,05:41:52,63,17.5,932
18/03/2025,05:42:52,63.2,17.5,927
18/03/2025,05:43:52,63.1,17.5,925
18/03/2025,05:44:52,62.9,17.5,929
18/03/2025,05:45:52,62.9,17.44,931
18/03/2025,05:46:52,63,17.44,924
18/03/2025,05:47:52,63.1,17.44,932
18/03/2025,05:48:52,63.3,17.44,931
18/03/2025,05:49:52,62.9,17.44,929
18/03/2025,05:50:52,62.9,17.39,933
18/03/2025,05:51:52,63.1,17.39,925
18/03/2025,05:52:52,63.2,17.39,935
18/03/2025,05:53:52,63.1,17.39,928
18/03/2025,05:54:52,63,17.39,925
18/03/2025,05:55:52,63.1,17.39,931
18/03/2025,05:56:52,63.3,17.39,942
18/03/2025,05:57:52,63.1,17.39,953
18/03/2025,05:58:52,62.9,17.39,951
18/03/2025,05:59:52,62.9,17.39,931
18/03/2025,06:00:52,63.1,17.39,939
18/03/2025,06:01:52,62.8,17.39,941
18/03/2025,06:02:52,62.8,17.33,931
18/03/2025,06:03:52,62.7,17.33,928
18/03/2025,06:04:52,62.9,17.33,915
18/03/2025,06:05:52,62.9,17.33,925
18/03/2025,06:06:52,62.8,17.33,924
18/03/2025,06:07:52,62.8,17.33,923
18/03/2025,06:08:52,62.8,17.33,919
18/03/2025,06:09:52,62.9,17.33,923
18/03/2025,06:10:52,62.8,17.33,927
18/03/2025,06:11:52,62.8,17.33,927
18/03/2025,06:12:52,62.5,17.28,935
18/03/2025,06:13:52,63,17.28,928
18/03/2025,06:14:52,63.2,17.22,928
18/03/2025,06:15:52,63.1,17.22,929
18/03/2025,06:16:52,63.2,17.22,932
18/03/2025,06:17:52,63.3,17.22,926
18/03/2025,06:18:52,62.8,17.22,921
18/03/2025,06:19:52,62.8,17.22,918
18/03/2025,06:20:52,63.2,17.22,914
18/03/2025,06:21:52,62.8,17.22,908
18/03/2025,06:22:52,62.8,17.22,925
18/03/2025,06:23:52,62.7,17.22,914
18/03/2025,06:24:52,62.7,17.22,923
18/03/2025,06:25:52,62.5,17.22,910
18/03/2025,06:26:52,62.4,17.22,902
18/03/2025,06:27:52,62.7,17.22,895
18/03/2025,06:28:52,63,17.22,913
18/03/2025,06:29:52,62.8,17.22,926
18/03/2025,06:30:52,62.7,17.22,928
18/03/2025,06:31:52,62.5,17.22,917
18/03/2025,06:32:52,62.7,17.22,901
18/03/2025,06:33:52,62.7,17.17,897
18/03/2025,06:34:52,62.5,17.17,898
18/03/2025,06:35:52,62.6,17.17,901
18/03/2025,06:36:52,62.4,17.11,901
18/03/2025,06:37:52,62.5,17.11,890
18/03/2025,06:38:52,62.6,17.11,887
18/03/2025,06:39:52,62.7,17.11,890
18/03/2025,06:40:52,63,17.11,880
18/03/2025,06:41:52,63.1,17.11,880
18/03/2025,06:42:52,62.6,17.11,886
18/03/2025,06:43:52,62.6,17.11,884
18/03/2025,06:44:52,62.3,17.11,886
18/03/2025,06:45:52,62.5,17.06,878
18/03/2025,06:46:52,62.9,17.06,882
18/03/2025,06:47:52,62.7,17,890
18/03/2025,06:48:52,62.9,17,890
18/03/2025,06:49:52,62.9,17.06,887
18/03/2025,06:50:52,63,17.06,879
18/03/2025,06:51:52,63.2,17.06,883
18/03/2025,06:52:52,63.2,17.06,886
18/03/2025,06:53:52,62.8,17.06,886
18/03/2025,06:54:52,62.9,17.06,896
18/03/2025,06:55:52,62.7,17.06,891
18/03/2025,06:56:52,62.4,17.06,887
18/03/2025,06:57:52,62.5,17.06,883
18/03/2025,06:58:52,63.1,17.06,884
18/03/2025,06:59:52,63.1,17.06,889
18/03/2025,07:00:52,62.8,17.06,883
18/03/2025,07:01:52,63.3,17.06,874
18/03/2025,07:02:52,63,17.06,886
18/03/2025,07:03:52,63,17.06,881
18/03/2025,07:04:52,62.9,17.06,882
18/03/2025,07:05:52,63.2,17.06,880
18/03/2025,07:06:52,62.8,17.06,875
18/03/2025,07:07:52,62.8,17.06,872
18/03/2025,07:08:52,62.6,17.06,880
18/03/2025,07:09:52,63.2,17.06,883
18/03/2025,07:10:52,63.2,17.06,883
18/03/2025,07:11:52,63,17,877
18/03/2025,07:12:52,62.9,17,882
18/03/2025,07:13:52,63.5,17,885
18/03/2025,07:14:52,63.2,17.06,882
18/03/2025,07:15:52,63,17.06,881
18/03/2025,07:16:52,63.4,17.06,882
18/03/2025,07:17:52,63.4,17.06,885
18/03/2025,07:18:52,62.9,17,881
18/03/2025,07:19:52,63,17,874
18/03/2025,07:20:52,62.8,17,877
18/03/2025,07:21:52,62.8,17,865
18/03/2025,07:22:52,63.2,17,861
18/03/2025,07:23:52,63.3,17,859
18/03/2025,07:24:52,63.3,17,856
18/03/2025,07:25:52,63.1,17,869
18/03/2025,07:26:52,63,17,872
18/03/2025,07:27:52,63.5,17,864
18/03/2025,07:28:52,62.9,17,864
18/03/2025,07:29:52,63.1,17,866
18/03/2025,07:30:52,63.1,17,872
18/03/2025,07:31:52,63,17,876
18/03/2025,07:32:52,63.4,17,874
18/03/2025,07:33:52,63.5,17,873
18/03/2025,07:34:52,63.3,17,876
18/03/2025,07:35:52,63.3,17,876
18/03/2025,07:36:52,63.2,17,876
18/03/2025,07:37:52,63.1,17,886
18/03/2025,07:38:52,63,17,889
18/03/2025,07:39:52,63.5,17,877
18/03/2025,07:40:52,63.5,16.94,882
18/03/2025,07:41:52,63.4,16.94,894
18/03/2025,07:42:52,63.2,16.89,891
18/03/2025,07:43:52,63.3,16.89,888
18/03/2025,07:44:52,63.5,16.89,886
18/03/2025,07:45:52,63.6,16.94,887
18/03/2025,07:46:52,63.7,16.94,889
18/03/2025,07:47:52,63.9,16.94,890
18/03/2025,07:48:52,64,16.94,893
18/03/2025,07:49:52,63.5,16.94,892
18/03/2025,07:50:52,63.5,16.94,892
18/03/2025,07:51:52,63.8,17,891
18/03/2025,07:52:52,63.4,17,898
18/03/2025,07:53:52,63.5,16.94,899
18/03/2025,07:54:52,63.4,16.94,894
18/03/2025,07:55:52,63.5,16.94,892
18/03/2025,07:56:52,63.6,16.94,886
18/03/2025,07:57:52,63.4,16.94,874
18/03/2025,07:58:52,63.6,16.94,875
18/03/2025,07:59:52,63.7,16.94,875
18/03/2025,08:00:52,63.6,16.94,874
18/03/2025,08:01:52,63.9,16.94,882
18/03/2025,08:02:52,64.2,16.94,890
18/03/2025,08:03:52,63.8,16.94,891
18/03/2025,08:04:52,63.8,16.94,885
18/03/2025,08:05:52,63.9,16.94,882
18/03/2025,08:06:52,64,16.89,885
18/03/2025,08:07:52,64.1,16.89,891
18/03/2025,08:08:52,64.5,16.89,896
18/03/2025,08:09:52,64.6,16.94,891
18/03/2025,08:10:52,64.2,16.94,893
18/03/2025,08:11:52,64.3,16.94,893
18/03/2025,08:12:52,64.5,16.89,889
18/03/2025,08:13:52,64.6,16.89,888
18/03/2025,08:14:52,64.6,16.89,888
18/03/2025,08:15:52,64.7,16.89,887
18/03/2025,08:16:52,64.5,16.89,888
18/03/2025,08:17:52,64.4,16.94,877
18/03/2025,08:18:52,64.8,16.94,877
18/03/2025,08:19:52,65,16.94,888
18/03/2025,08:20:52,64.7,16.94,894
18/03/2025,08:21:52,65.1,16.94,891
18/03/2025,08:22:52,64.8,17,893
18/03/2025,08:23:52,65.1,17,896
18/03/2025,08:24:52,64.9,17,899
18/03/2025,08:25:52,65.1,17,909
18/03/2025,08:26:52,64.8,17,915
18/03/2025,08:27:52,64.8,17,912
18/03/2025,08:28:52,64.9,16.94,895
18/03/2025,08:29:52,64.8,16.94,893
18/03/2025,08:30:52,64.7,16.94,887
18/03/2025,08:31:52,64.8,16.94,893
18/03/2025,08:32:52,64.8,16.94,901
18/03/2025,08:33:52,64.9,16.94,898
18/03/2025,08:34:52,64.9,17,898
18/03/2025,08:35:52,64.9,17,894
18/03/2025,08:36:52,65.1,17,896
18/03/2025,08:37:52,65.2,17,894
18/03/2025,08:38:52,65.1,17,897
18/03/2025,08:39:52,65.3,17,903
18/03/2025,08:40:52,65.3,17,902
18/03/2025,08:41:52,65,17,909
18/03/2025,08:42:52,65.4,17,900
18/03/2025,08:43:52,65.3,17,905
18/03/2025,08:44:52,65.1,17,915
18/03/2025,08:45:52,65.2,17,924
18/03/2025,08:46:52,64.9,17,916
18/03/2025,08:47:52,65.2,17,911
18/03/2025,08:48:52,65.1,17,911
18/03/2025,08:49:52,65.3,17,917
18/03/2025,08:50:52,65.5,17,925
18/03/2025,08:51:52,65.4,17,937
18/03/2025,08:52:52,65.6,17,951
18/03/2025,08:53:52,65.2,17,963
18/03/2025,08:54:52,65.3,17,947
18/03/2025,08:55:52,65.2,17,929
18/03/2025,08:56:52,65.2,17,931
18/03/2025,08:57:52,65.2,17,938
18/03/2025,08:58:52,65.6,17,947
18/03/2025,08:59:52,65.6,17,964
18/03/2025,09:00:52,65.4,17,963
18/03/2025,09:01:52,65.3,17,951
18/03/2025,09:02:52,65.2,17,950
18/03/2025,09:03:52,65.2,17,948
18/03/2025,09:04:52,65.2,17,946
18/03/2025,09:05:52,65.7,17,933
18/03/2025,09:06:52,66.7,17,960
18/03/2025,09:07:52,66.1,17.06,978
18/03/2025,09:08:52,65.9,17.06,981
18/03/2025,09:09:52,65.7,17,963
18/03/2025,09:10:52,65.5,17,955
18/03/2025,09:11:52,65.4,17,958
18/03/2025,09:12:52,65.2,17,946
18/03/2025,09:13:52,65.3,17,944
18/03/2025,09:14:52,65.4,17,930
18/03/2025,09:15:52,66.2,16.94,935
18/03/2025,09:16:52,66.5,16.94,957
18/03/2025,09:17:52,66.3,17,962
18/03/2025,09:18:52,66.1,17,960
18/03/2025,09:19:52,65.9,17,959
18/03/2025,09:20:52,65.9,17,959
18/03/2025,09:21:52,66.2,17,954
18/03/2025,09:22:52,66,17.06,963
18/03/2025,09:23:52,66.4,17.06,977
18/03/2025,09:24:52,66.8,17.11,982
18/03/2025,09:25:52,66.7,17.11,995
18/03/2025,09:26:52,66.6,17.11,1004
18/03/2025,09:27:52,67.1,17.17,1028
18/03/2025,09:28:52,67.2,17.17,1050
18/03/2025,09:29:52,66.6,17.17,1060
18/03/2025,09:30:52,66.6,17.17,1052
18/03/2025,09:31:52,66.6,17.17,1051
18/03/2025,09:32:52,67.2,17.22,1056
18/03/2025,09:33:52,66.8,17.22,1074
18/03/2025,09:34:52,67,17.22,1085
18/03/2025,09:35:52,67.3,17.22,1107
18/03/2025,09:36:52,67.1,17.28,1121
18/03/2025,09:37:52,66.5,17.22,1120
18/03/2025,09:38:52,66.2,17.22,1099
18/03/2025,09:39:52,66.5,17.22,1074
18/03/2025,09:40:52,66.6,17.22,1061
18/03/2025,09:41:52,67.2,17.28,1066
18/03/2025,09:42:52,66.9,17.28,1075
18/03/2025,09:43:52,66.9,17.28,1074
18/03/2025,09:44:52,66.9,17.28,1070
18/03/2025,09:45:52,66.6,17.28,1072
18/03/2025,09:46:52,66.6,17.28,1071
18/03/2025,09:47:52,66.8,17.28,1068
18/03/2025,09:48:52,66.7,17.28,1067
18/03/2025,09:49:52,67.1,17.33,1070
18/03/2025,09:50:52,67.4,17.39,1123
18/03/2025,09:51:52,67.2,17.39,1126
18/03/2025,09:52:52,67.3,17.44,1130
18/03/2025,09:53:52,66.6,17.39,1127
18/03/2025,09:54:52,66.4,17.39,1112
18/03/2025,09:55:52,66.4,17.33,1091
18/03/2025,09:56:52,66.3,17.33,1064
18/03/2025,09:57:52,66.3,17.33,1037
18/03/2025,09:58:52,66.4,17.28,1016
18/03/2025,09:59:52,66.4,17.28,1006
18/03/2025,10:00:52,66.7,17.28,997
18/03/2025,10:01:52,66.4,17.28,988
18/03/2025,10:02:52,66.4,17.28,982
18/03/2025,10:03:52,66.6,17.28,958
18/03/2025,10:04:52,66.5,17.28,948
18/03/2025,10:05:52,66.4,17.28,938
18/03/2025,10:06:52,66.6,17.28,941
18/03/2025,10:07:52,66.9,17.28,943
18/03/2025,10:08:52,66.6,17.28,952
18/03/2025,10:09:52,66.4,17.22,946
18/03/2025,10:10:52,66.5,17.22,933
18/03/2025,10:11:52,67,17.22,931
18/03/2025,10:12:52,66.8,17.22,924
18/03/2025,10:13:52,67.3,17.22,921
18/03/2025,10:14:52,67.1,17.28,921
18/03/2025,10:15:52,67.3,17.28,922
18/03/2025,10:16:52,67.1,17.28,923
18/03/2025,10:17:52,67,17.22,921
18/03/2025,10:18:52,67.1,17.22,912
18/03/2025,10:19:52,67.3,17.22,912
18/03/2025,10:20:52,67.4,17.22,911
18/03/2025,10:21:52,67.2,17.22,915
18/03/2025,10:22:52,67.5,17.28,920
18/03/2025,10:23:52,67.7,17.28,935
18/03/2025,10:24:52,68.1,17.28,947
18/03/2025,10:25:52,67.9,17.33,968
18/03/2025,10:26:52,67.6,17.33,976
18/03/2025,10:27:52,67.6,17.33,967
18/03/2025,10:28:52,68.1,17.33,969
18/03/2025,10:29:52,68.6,17.33,988
18/03/2025,10:30:52,68.8,17.39,1031
18/03/2025,10:31:52,68.3,17.39,1045
18/03/2025,10:32:52,68,17.39,1043
18/03/2025,10:33:52,68.4,17.39,1027
18/03/2025,10:34:52,68.6,17.44,1017
18/03/2025,10:35:52,69.1,17.5,1043
18/03/2025,10:36:52,68.2,17.5,1074
18/03/2025,10:37:52,67.3,17.56,1059
18/03/2025,10:38:52,66.9,17.56,1053
18/03/2025,10:39:52,67,17.56,1048
18/03/2025,10:40:52,66.8,17.56,1035
18/03/2025,10:41:52,66.9,17.5,1021
18/03/2025,10:42:52,67,17.5,1005
18/03/2025,10:43:52,66.7,17.5,990
18/03/2025,10:44:52,66.4,17.5,971
18/03/2025,10:45:52,66.3,17.44,957
18/03/2025,10:46:52,66.8,17.44,939
18/03/2025,10:47:52,66.4,17.44,931
18/03/2025,10:48:52,66.4,17.44,930
18/03/2025,10:49:52,66.3,17.39,917
18/03/2025,10:50:52,66.5,17.39,911
18/03/2025,10:51:52,67.1,17.39,908
18/03/2025,10:52:52,66.6,17.39,911
18/03/2025,10:53:52,66.7,17.39,911
18/03/2025,10:54:52,66.4,17.39,906
18/03/2025,10:55:52,66.4,17.39,901
18/03/2025,10:56:52,66.4,17.39,900
18/03/2025,10:57:52,66.5,17.39,899
18/03/2025,10:58:52,66.4,17.39,897
18/03/2025,10:59:52,66.5,17.39,894
18/03/2025,11:00:52,66.3,17.39,894
18/03/2025,11:01:52,66.4,17.39,890
18/03/2025,11:02:52,66.4,17.39,879
18/03/2025,11:03:52,66.6,17.39,877
18/03/2025,11:04:52,66.8,17.39,877
18/03/2025,11:05:52,66.8,17.39,877
18/03/2025,11:06:52,66.9,17.39,882
18/03/2025,11:07:52,66.8,17.44,888
18/03/2025,11:08:52,66.7,17.44,898
18/03/2025,11:09:52,67,17.44,903
18/03/2025,11:10:52,67,17.5,910
18/03/2025,11:11:52,68.3,17.56,1074
18/03/2025,11:12:52,68,17.67,1113
18/03/2025,11:13:52,67.6,17.72,1113
18/03/2025,11:14:52,67.2,17.72,1118
18/03/2025,11:15:52,67,17.72,1115
18/03/2025,11:16:52,66.9,17.78,1104
18/03/2025,11:17:52,66.8,17.78,1101
18/03/2025,11:18:52,67.1,17.78,1096
18/03/2025,11:19:52,67.3,17.83,1091
18/03/2025,11:20:52,67.2,17.83,1097
18/03/2025,11:21:52,66.9,17.83,1102
18/03/2025,11:22:52,66.6,17.83,1100
18/03/2025,11:23:52,66.6,17.83,1087
18/03/2025,11:24:52,66.6,17.78,1078
18/03/2025,11:25:52,65.9,17.78,1040
18/03/2025,11:26:52,65.6,17.72,1005
18/03/2025,11:27:52,64.4,17.67,959
18/03/2025,11:28:52,65.1,17.61,888
18/03/2025,11:29:52,65.3,17.56,874
18/03/2025,11:30:52,65,17.56,863
18/03/2025,11:31:52,65.2,17.5,828
18/03/2025,11:32:52,65.4,17.5,811
18/03/2025,11:33:52,65.4,17.44,788
18/03/2025,11:34:52,65,17.39,759
18/03/2025,11:35:52,65.3,17.39,743
18/03/2025,11:36:52,65.8,17.39,739
18/03/2025,11:37:52,65.6,17.39,739
18/03/2025,11:38:52,65.1,17.39,741
18/03/2025,11:39:52,65.9,17.39,751
18/03/2025,11:40:52,65.8,17.39,768
18/03/2025,11:41:52,66,17.39,765
18/03/2025,11:42:52,65.3,17.39,764
18/03/2025,11:43:52,64,17.33,743
18/03/2025,11:44:52,65.2,17.28,724
18/03/2025,11:45:52,64.5,17.28,710
18/03/2025,11:46:52,64.9,17.22,687
18/03/2025,11:47:52,64.7,17.22,678
18/03/2025,11:48:52,65.5,17.22,675
18/03/2025,11:49:52,65.4,17.28,677
18/03/2025,11:50:52,65,17.28,674
18/03/2025,11:51:52,65.2,17.28,661
18/03/2025,11:52:52,65.4,17.33,653
18/03/2025,11:53:52,65.6,17.33,659
18/03/2025,11:54:52,65.1,17.39,664
18/03/2025,11:55:52,64.9,17.33,675
18/03/2025,11:56:52,64.8,17.33,678
18/03/2025,11:57:52,64.9,17.33,671
18/03/2025,11:58:52,64.8,17.33,658
18/03/2025,11:59:52,64.5,17.28,645
18/03/2025,12:00:52,68.8,17.44,778
18/03/2025,12:01:52,65.8,17.56,736
18/03/2025,12:02:52,68.8,17.83,841
18/03/2025,12:03:52,67.5,17.94,928
18/03/2025,12:04:52,60.7,17.28,546
18/03/2025,12:05:52,59.1,16.94,682
18/03/2025,12:06:52,60.5,17,918
18/03/2025,12:07:52,60.8,17.11,996
18/03/2025,12:08:52,57.4,17.17,1089
18/03/2025,12:09:52,57.5,17.17,1118
18/03/2025,12:10:52,57.9,17.17,1134
18/03/2025,12:11:52,59.2,17.44,1151
18/03/2025,12:12:52,58.1,17.78,1275
18/03/2025,12:13:52,57.4,17.78,1061
18/03/2025,12:14:52,55.9,17.17,611
18/03/2025,12:15:52,67.6,17,959
18/03/2025,12:16:52,65.7,17.44,1041
18/03/2025,12:17:52,64.8,17.67,1028
18/03/2025,12:18:52,64.8,17.83,1008
18/03/2025,12:19:52,66.3,18,977
18/03/2025,12:20:52,66.5,18,968
18/03/2025,12:21:52,66.5,18.06,964
18/03/2025,12:22:52,66,18.06,975
18/03/2025,12:23:52,65.9,18.11,975
18/03/2025,12:24:52,66.3,18.06,973
18/03/2025,12:25:52,66.4,18,972
18/03/2025,12:26:52,66.5,18,971
18/03/2025,12:27:52,66.6,17.94,965
18/03/2025,12:28:52,66.9,17.89,958
18/03/2025,12:29:52,66.9,17.94,953
18/03/2025,12:30:52,64.3,18,952
18/03/2025,12:31:52,62.5,17.94,928
18/03/2025,12:32:52,62.2,17.83,892
18/03/2025,12:33:52,61.5,17.78,824
18/03/2025,12:34:52,61.6,17.67,772
18/03/2025,12:35:52,61.3,17.56,721
18/03/2025,12:36:52,61.8,17.56,680
18/03/2025,12:37:52,61.1,17.44,646
18/03/2025,12:38:52,61.5,17.39,618
18/03/2025,12:39:52,61.1,17.39,597
18/03/2025,12:40:52,61.3,17.39,580
18/03/2025,12:41:52,61.4,17.39,560
18/03/2025,12:42:52,61.2,17.39,543
18/03/2025,12:43:52,61.3,17.39,535
18/03/2025,12:44:52,61.2,17.39,529
18/03/2025,12:45:52,60.4,17.39,524
18/03/2025,12:46:52,61,17.39,517
18/03/2025,12:47:52,61,17.39,512
18/03/2025,12:48:52,60.7,17.39,506
18/03/2025,12:49:52,60.6,17.39,500
18/03/2025,12:50:52,60.8,17.39,495
18/03/2025,12:51:52,60.2,17.33,491
18/03/2025,12:52:52,60.8,17.33,489
18/03/2025,12:53:52,60.9,17.39,487
18/03/2025,12:54:52,60.5,17.33,484
18/03/2025,12:55:52,61,17.33,483
18/03/2025,12:56:52,60.9,17.33,481
18/03/2025,12:57:52,60.7,17.33,474
18/03/2025,12:58:52,60.6,17.33,469
18/03/2025,12:59:52,60.8,17.28,465
18/03/2025,13:00:52,61,17.28,464
18/03/2025,13:01:52,60.8,17.28,464
18/03/2025,13:02:52,60.7,17.22,463
18/03/2025,13:03:52,60.9,17.22,461
18/03/2025,13:04:52,61,17.22,460
18/03/2025,13:05:52,61,17.22,459
18/03/2025,13:06:52,60.7,17.17,460
18/03/2025,13:07:52,60.7,17.17,459
18/03/2025,13:08:52,60.8,17.11,458
18/03/2025,13:09:52,60.9,17.11,457
18/03/2025,13:10:52,60.9,17.11,455
18/03/2025,13:11:52,60.9,17.06,454
18/03/2025,13:12:52,60.9,17.11,453
18/03/2025,13:13:52,60.7,17.06,452
18/03/2025,13:14:52,60.9,17,452
18/03/2025,13:15:52,61,17.06,453
18/03/2025,13:16:52,61,17.06,455
18/03/2025,13:17:52,60.9,17.06,456
18/03/2025,13:18:52,60.9,17.06,456
18/03/2025,13:19:52,61,17.06,455
18/03/2025,13:20:52,60.8,17.06,456
18/03/2025,13:21:52,60.7,17.06,454
18/03/2025,13:22:52,60.4,17.11,450
18/03/2025,13:23:52,60.6,17.06,450
18/03/2025,13:24:52,60.6,17.06,452
18/03/2025,13:25:52,60.7,17.06,453
18/03/2025,13:26:52,60.6,17.06,454
18/03/2025,13:27:52,60.3,17.06,453
18/03/2025,13:28:52,60.3,17,452
18/03/2025,13:29:52,60.5,17,452
18/03/2025,13:30:52,60.4,16.94,447
18/03/2025,13:31:52,60.9,16.94,445
18/03/2025,13:32:52,60.8,16.94,443
18/03/2025,13:33:52,60.9,16.94,445
18/03/2025,13:34:52,61.1,16.94,450
18/03/2025,13:35:52,61.4,16.94,450
18/03/2025,13:36:52,61.8,17.06,453
18/03/2025,13:37:52,63.5,17.28,486
18/03/2025,13:38:52,63.5,17.67,632
18/03/2025,13:39:52,63.2,18,632
18/03/2025,13:40:52,63.1,18.28,648
18/03/2025,13:41:52,62.9,18.44,675
18/03/2025,13:42:52,62.6,18.61,680
18/03/2025,13:43:52,62.2,18.67,678
18/03/2025,13:44:52,62,18.67,683
18/03/2025,13:45:52,61.9,18.72,718
18/03/2025,13:46:52,64.1,19.17,954
18/03/2025,13:47:52,61.9,19.28,879
18/03/2025,13:48:52,61.7,19.39,863
18/03/2025,13:49:52,62.5,19.28,899
18/03/2025,13:50:52,55.5,19.28,679
18/03/2025,13:51:52,54.9,18.83,572
18/03/2025,13:52:52,55.1,18.61,500
18/03/2025,13:53:52,56.5,18.39,475
18/03/2025,13:54:52,55.3,18.72,457
18/03/2025,13:55:52,55.4,18.83,442
18/03/2025,13:56:52,57.2,18.67,446
18/03/2025,13:57:52,61.4,18.72,472
18/03/2025,13:58:52,57.7,18.78,498
18/03/2025,13:59:52,57.2,18.56,435
18/03/2025,14:00:52,55.1,18.5,426
18/03/2025,14:01:52,57.1,17.67,427
18/03/2025,14:02:52,59.1,17.44,428
18/03/2025,14:03:52,60.2,17.44,429
18/03/2025,14:04:52,60.2,18.06,427
18/03/2025,14:05:52,59.5,17.39,425
18/03/2025,14:06:52,61.2,16.89,420
18/03/2025,14:07:52,62.1,16.39,416
18/03/2025,14:08:52,62.4,16.5,416
18/03/2025,14:09:52,61.6,16.78,418
18/03/2025,14:10:52,61.7,16.61,419
18/03/2025,14:11:52,62.2,16.61,420
18/03/2025,14:12:52,61.8,16.89,423
18/03/2025,14:13:52,62.1,16.83,424
18/03/2025,14:14:52,61.7,16.83,428
18/03/2025,14:15:52,62.1,17.22,422
18/03/2025,14:16:52,64.7,18.17,859
18/03/2025,14:17:52,63.7,18.44,2013
18/03/2025,14:18:52,62.3,18.5,1977
18/03/2025,14:19:52,61.7,18.56,1766
18/03/2025,14:20:52,61.3,18.56,1519
18/03/2025,14:21:52,61.1,18.5,1298
18/03/2025,14:22:52,61,18.5,1131
18/03/2025,14:23:52,60.7,18.44,1021
18/03/2025,14:24:52,60.6,18.39,924
18/03/2025,14:25:52,60.5,18.39,861
18/03/2025,14:26:52,60.5,18.33,813
18/03/2025,14:27:52,60.4,18.33,784
18/03/2025,14:28:52,60.5,18.28,755
18/03/2025,14:29:52,60.4,18.28,733
18/03/2025,14:30:52,60.3,18.22,721
18/03/2025,14:31:52,60.3,18.22,706
18/03/2025,14:32:52,60.2,18.17,694
18/03/2025,14:33:52,60.4,18.17,686
18/03/2025,14:34:52,60.3,18.22,683
18/03/2025,14:35:52,60.3,18.22,677
18/03/2025,14:36:52,60.3,18.28,673
18/03/2025,14:37:52,60.3,18.28,669
18/03/2025,14:38:52,60.1,18.28,668
18/03/2025,14:39:52,60,18.28,669
18/03/2025,14:40:52,59.9,18.28,673
18/03/2025,14:41:52,59.9,18.22,671
18/03/2025,14:42:52,60.1,18.22,667
18/03/2025,14:43:52,60.2,18.28,664
18/03/2025,14:44:52,60.3,18.22,662
18/03/2025,14:45:52,60.2,18.22,662
18/03/2025,14:46:52,60.1,18.22,661
18/03/2025,14:47:52,60.1,18.22,660
18/03/2025,14:48:52,60,18.17,660
18/03/2025,14:49:52,60.1,18.17,660
18/03/2025,14:50:52,60.2,18.17,657
18/03/2025,14:51:52,60.4,18.17,656
18/03/2025,14:52:52,60.3,18.17,657
18/03/2025,14:53:52,60.1,18.17,659
18/03/2025,14:54:52,60.2,18.11,660
18/03/2025,14:55:52,60.3,18.11,660
18/03/2025,14:56:52,60.5,18.17,659
18/03/2025,14:57:52,60.5,18.17,659
18/03/2025,14:58:52,61.6,18.28,701
18/03/2025,14:59:52,61,18.78,1124
18/03/2025,15:00:52,56.1,18.56,604
18/03/2025,15:01:52,56,17.94,450
18/03/2025,15:02:52,56.4,17.28,434
18/03/2025,15:03:52,59.4,16.94,425
18/03/2025,15:04:52,59.6,16.78,419
18/03/2025,15:05:52,60.1,16.83,419
18/03/2025,15:06:52,60.1,16.83,421
18/03/2025,15:07:52,62.5,16.33,416
18/03/2025,15:08:52,63.7,16.22,413
18/03/2025,15:09:52,62.9,15.72,408
18/03/2025,15:10:52,64.8,15.44,408
18/03/2025,15:11:52,65.7,15.17,408
18/03/2025,15:12:52,66.2,15.11,407
18/03/2025,15:13:52,67.4,15.17,407
18/03/2025,15:14:52,68.9,16.22,446
18/03/2025,15:15:52,69.2,17.67,1750
18/03/2025,15:16:52,64.8,18.72,1793
18/03/2025,15:17:52,62.8,19.44,1698
18/03/2025,15:18:52,61,19.83,1587
18/03/2025,15:19:52,61.1,20.28,1535
18/03/2025,15:20:52,59.5,20.56,1488
18/03/2025,15:21:52,59.3,20.89,1416
18/03/2025,15:22:52,59.3,21.11,1342
18/03/2025,15:23:52,58.3,21.33,1209
18/03/2025,15:24:52,60.1,21.67,1138
18/03/2025,15:25:52,59,22,1169
18/03/2025,15:26:52,58.8,22.33,1188
18/03/2025,15:27:52,58,22.5,1151
18/03/2025,15:28:52,57.5,22.72,1113
18/03/2025,15:29:52,57.2,22.94,1078
18/03/2025,15:30:52,53.5,23.11,1025
18/03/2025,15:31:52,48,22.22,722
18/03/2025,15:32:52,47.9,21.83,660
18/03/2025,15:33:52,47.5,20.56,537
18/03/2025,15:34:52,49.3,20.39,590
18/03/2025,15:35:52,49.3,20.94,680
18/03/2025,15:36:52,48,21.33,692
18/03/2025,15:37:52,47,21.56,695
18/03/2025,15:38:52,46.9,21.67,686
18/03/2025,15:39:52,46.1,21.61,671
18/03/2025,15:40:52,46.4,20.67,545
18/03/2025,15:41:52,48.8,19.22,467
18/03/2025,15:42:52,54.2,18,450
18/03/2025,15:43:52,56.5,18.44,502
18/03/2025,15:44:52,53.3,18.78,511
18/03/2025,15:45:52,58.3,17.78,512
18/03/2025,15:46:52,62.3,18.56,693
18/03/2025,15:47:52,60.8,19.17,763
18/03/2025,15:48:52,59.4,19.72,836
18/03/2025,15:49:52,58.7,20.06,879
18/03/2025,15:50:52,56.8,20.44,910
18/03/2025,15:51:52,56,20.56,920
18/03/2025,15:52:52,54.7,20.67,928
18/03/2025,15:53:52,52.2,19.56,706
18/03/2025,15:54:52,55.3,19.61,726
18/03/2025,15:55:52,54.7,19.94,753
18/03/2025,15:56:52,54.1,20.11,731
18/03/2025,15:57:52,53.6,20.39,700
18/03/2025,15:58:52,49.9,20.22,671
18/03/2025,15:59:52,51.2,18.72,504
18/03/2025,16:00:52,60.2,19,709
18/03/2025,16:01:52,61,19.72,951
18/03/2025,16:02:52,60.1,20.17,1084
18/03/2025,16:03:52,52.2,20.33,1048
18/03/2025,16:04:52,50.1,18.94,638
18/03/2025,16:05:52,57.2,19,722
18/03/2025,16:06:52,56.8,19.67,720
18/03/2025,16:07:52,57.1,20.22,726
18/03/2025,16:08:52,57.3,20.78,734
18/03/2025,16:09:52,54.6,21.17,716
18/03/2025,16:10:52,51.7,21.44,687
18/03/2025,16:11:52,51.1,21.5,668
18/03/2025,16:12:52,50.5,21.56,655
18/03/2025,16:13:52,48.3,21.28,641
18/03/2025,16:14:52,50.2,21.28,632
18/03/2025,16:15:52,51.4,21.39,635
18/03/2025,16:16:52,50.6,21.56,658
18/03/2025,16:17:52,49.4,21.78,691
18/03/2025,16:18:52,46.2,20.78,482
18/03/2025,16:19:52,48.8,19.56,457
18/03/2025,16:20:52,58.4,19.44,534
18/03/2025,16:21:52,58.7,19.22,581
18/03/2025,16:22:52,59.5,19.11,601
18/03/2025,16:23:52,60.6,19.22,671
18/03/2025,16:24:52,60.7,19.33,716
18/03/2025,16:25:52,60.5,19.5,748
18/03/2025,16:26:52,60.1,19.67,790
18/03/2025,16:27:52,60.1,19.83,804
18/03/2025,16:28:52,59.5,19.78,806
18/03/2025,16:29:52,59.3,19.89,821
18/03/2025,16:30:52,59.1,20.06,838
18/03/2025,16:31:52,58.9,20.11,855
18/03/2025,16:32:52,58.9,20.22,866
18/03/2025,16:33:52,58.8,20.22,873
18/03/2025,16:34:52,58.9,20.22,885
18/03/2025,16:35:52,58.8,20.33,901
18/03/2025,16:36:52,58.9,20.44,920
18/03/2025,16:37:52,58.7,20.5,932
18/03/2025,16:38:52,58.7,20.56,959
18/03/2025,16:39:52,58.6,20.67,984
18/03/2025,16:40:52,58.4,20.78,1010
18/03/2025,16:41:52,58.3,20.78,1019
18/03/2025,16:42:52,58.3,20.72,1014
18/03/2025,16:43:52,58.7,20.56,1013
18/03/2025,16:44:52,58.9,20.44,1019
18/03/2025,16:45:52,59.2,20.33,1022
18/03/2025,16:46:52,59.5,20.22,1032
18/03/2025,16:47:52,59.9,20.11,1042
18/03/2025,16:48:52,60,20.06,1054
18/03/2025,16:49:52,60.3,20,1066
18/03/2025,16:50:52,60.7,20,1085
18/03/2025,16:51:52,60.8,20,1108
18/03/2025,16:52:52,60.8,19.94,1122
18/03/2025,16:53:52,61.2,19.94,1141
18/03/2025,16:54:52,61.1,19.89,1144
18/03/2025,16:55:52,61.1,19.89,1144
18/03/2025,16:56:52,61.6,19.89,1146
18/03/2025,16:57:52,61.2,19.89,1155
18/03/2025,16:58:52,61.6,19.83,1161
18/03/2025,16:59:52,61.5,19.83,1173
18/03/2025,17:00:52,61.7,19.83,1194
18/03/2025,17:01:52,61.9,19.83,1209
18/03/2025,17:02:52,62.2,19.83,1233
18/03/2025,17:03:52,61.9,19.83,1255
18/03/2025,17:04:52,62.5,19.83,1269
18/03/2025,17:05:52,62.2,19.83,1280
18/03/2025,17:06:52,62.5,19.83,1297
18/03/2025,17:07:52,62.5,19.83,1321
18/03/2025,17:08:52,62.6,19.83,1332
18/03/2025,17:09:52,62.4,19.83,1343
18/03/2025,17:10:52,62.6,19.83,1355
18/03/2025,17:11:52,62.7,19.78,1322
18/03/2025,17:12:52,62.7,19.67,1198
18/03/2025,17:13:52,62.7,19.61,1129
18/03/2025,17:14:52,62.6,19.5,1032
18/03/2025,17:15:52,62.7,19.44,952
18/03/2025,17:16:52,63.1,19.39,906
18/03/2025,17:17:52,63.3,19.28,884
18/03/2025,17:18:52,64.6,19.28,896
18/03/2025,17:19:52,63.4,19.33,903
18/03/2025,17:20:52,63.4,19.39,916
18/03/2025,17:21:52,63.2,19.44,933
18/03/2025,17:22:52,63.1,19.5,959
18/03/2025,17:23:52,63.1,19.56,983
18/03/2025,17:24:52,63,19.61,1003
18/03/2025,17:25:52,63.1,19.61,1024
18/03/2025,17:26:52,63.1,19.67,1040
18/03/2025,17:27:52,63,19.72,1056
18/03/2025,17:28:52,63,19.72,1070
18/03/2025,17:29:52,63,19.72,1090
18/03/2025,17:30:52,62.9,19.78,1106
18/03/2025,17:31:52,62.9,19.78,1120
18/03/2025,17:32:52,62.9,19.78,1136
18/03/2025,17:33:52,63,19.78,1153
18/03/2025,17:34:52,62.9,19.78,1166
18/03/2025,17:35:52,62.9,19.83,1181
18/03/2025,17:36:52,63,19.83,1205
18/03/2025,17:37:52,62.9,19.83,1215
18/03/2025,17:38:52,62.9,19.89,1221
18/03/2025,17:39:52,62.8,19.89,1245
18/03/2025,17:40:52,62.8,19.89,1253
18/03/2025,17:41:52,62.9,19.89,1271
18/03/2025,17:42:52,63,19.89,1281
18/03/2025,17:43:52,63,19.89,1298
18/03/2025,17:44:52,63.1,19.89,1312
18/03/2025,17:45:52,63.1,19.89,1331
18/03/2025,17:46:52,63.1,19.89,1350
18/03/2025,17:47:52,63.1,19.89,1361
18/03/2025,17:48:52,63.4,19.94,1381
18/03/2025,17:49:52,63.2,19.94,1398
18/03/2025,17:50:52,63.1,19.94,1416
18/03/2025,17:51:52,63.1,19.94,1424
18/03/2025,17:52:52,63.1,19.94,1443
18/03/2025,17:53:52,63.2,19.94,1456
18/03/2025,17:54:52,63.2,19.94,1469
18/03/2025,17:55:52,63.1,19.94,1483
18/03/2025,17:56:52,63.1,19.94,1493
18/03/2025,17:57:52,63.1,19.94,1502
18/03/2025,17:58:52,63.3,19.94,1518
18/03/2025,17:59:52,63.3,19.94,1535
18/03/2025,18:00:52,63.4,19.94,1548
18/03/2025,18:01:52,63.4,19.94,1561
18/03/2025,18:02:52,63.3,19.94,1575
18/03/2025,18:03:52,63.7,20,1597
18/03/2025,18:04:52,63.9,20,1614
18/03/2025,18:05:52,63.6,20,1629
18/03/2025,18:06:52,63.7,20,1642
18/03/2025,18:07:52,63.6,20,1658
18/03/2025,18:08:52,63.5,20,1670
18/03/2025,18:09:52,63.6,20,1690
18/03/2025,18:10:52,63.6,20,1707
18/03/2025,18:11:52,64,20,1750
18/03/2025,18:12:52,63.6,20,1694
18/03/2025,18:13:52,63.2,20,1593
18/03/2025,18:14:52,62.8,19.94,1543
18/03/2025,18:15:52,62.7,19.83,1453
18/03/2025,18:16:52,63.4,19.78,1407
18/03/2025,18:17:52,63.8,19.78,1401
18/03/2025,18:18:52,63.4,19.78,1410
18/03/2025,18:19:52,63.3,19.72,1411
18/03/2025,18:20:52,63.7,19.72,1410
18/03/2025,18:21:52,63.9,19.72,1437
18/03/2025,18:22:52,64.1,19.72,1471
18/03/2025,18:23:52,64.4,19.78,1527
18/03/2025,18:24:52,64.4,19.83,1570
18/03/2025,18:25:52,64.8,19.89,1617
18/03/2025,18:26:52,64.3,19.89,1638
18/03/2025,18:27:52,64.5,19.94,1686
18/03/2025,18:28:52,57.5,19.61,1089
18/03/2025,18:29:52,55.5,19,659
18/03/2025,18:30:52,56.6,18.5,620
18/03/2025,18:31:52,57.3,18.17,610
18/03/2025,18:32:52,57.3,17.94,575
18/03/2025,18:33:52,57.5,17.61,519
18/03/2025,18:34:52,58.3,17.39,496
18/03/2025,18:35:52,59,17.33,492
18/03/2025,18:36:52,59,17.28,493
18/03/2025,18:37:52,58.7,17.22,486
18/03/2025,18:38:52,59.4,17.17,483
18/03/2025,18:39:52,59.9,17.06,491
18/03/2025,18:40:52,59.7,17,485
18/03/2025,18:41:52,60.2,16.89,472
18/03/2025,18:42:52,60.4,16.89,467
18/03/2025,18:43:52,60.4,16.83,468
18/03/2025,18:44:52,60.8,16.78,466
18/03/2025,18:45:52,61.1,16.72,462
18/03/2025,18:46:52,61,16.72,454
18/03/2025,18:47:52,61.2,16.67,456
18/03/2025,18:48:52,61.5,16.61,461
18/03/2025,18:49:52,61.5,16.56,460
18/03/2025,18:50:52,61.8,16.44,456
18/03/2025,18:51:52,62.1,16.44,457
18/03/2025,18:52:52,62.2,16.44,453
18/03/2025,18:53:52,62.7,16.39,453
18/03/2025,18:54:52,62.7,16.44,454
18/03/2025,18:55:52,62.7,16.5,454
18/03/2025,18:56:52,62.8,16.5,456
18/03/2025,18:57:52,62.9,16.5,465
18/03/2025,18:58:52,63.1,16.67,467
18/03/2025,18:59:52,63.1,16.89,472
18/03/2025,19:00:52,62.8,17.06,473
18/03/2025,19:01:52,62.3,17.22,487
18/03/2025,19:02:52,62.2,17.39,501
18/03/2025,19:03:52,62.2,17.5,520
18/03/2025,19:04:52,61.9,17.56,536
18/03/2025,19:05:52,61.9,17.67,543
18/03/2025,19:06:52,61.8,17.72,556
18/03/2025,19:07:52,61.6,17.78,570
18/03/2025,19:08:52,61.7,17.83,571
18/03/2025,19:09:52,61.6,17.83,572
18/03/2025,19:10:52,61.5,17.89,579
18/03/2025,19:11:52,61.5,17.89,589
18/03/2025,19:12:52,61.7,17.89,610
18/03/2025,19:13:52,61.6,17.94,621
18/03/2025,19:14:52,61.6,17.94,629
18/03/2025,19:15:52,61.5,17.94,638
18/03/2025,19:16:52,61.7,18,650
18/03/2025,19:17:52,61.7,18,665
18/03/2025,19:18:52,61.6,18,681
18/03/2025,19:19:52,61.7,18,688
18/03/2025,19:20:52,62.4,18.06,714
18/03/2025,19:21:52,63.1,18.06,755
18/03/2025,19:22:52,63.2,18.06,771
18/03/2025,19:23:52,63,18.06,784
18/03/2025,19:24:52,62.9,18.06,783
18/03/2025,19:25:52,62.8,18.11,784
18/03/2025,19:26:52,63,18.11,787
18/03/2025,19:27:52,62.9,18.11,794
18/03/2025,19:28:52,62.7,18.17,801
18/03/2025,19:29:52,62.7,18.17,812
18/03/2025,19:30:52,62.7,18.17,823
18/03/2025,19:31:52,62.6,18.17,834
18/03/2025,19:32:52,62.7,18.17,848
18/03/2025,19:33:52,63.4,18.22,906
18/03/2025,19:34:52,63.6,18.22,919
18/03/2025,19:35:52,63.8,18.22,928
18/03/2025,19:36:52,64.4,18.28,1017
18/03/2025,19:37:52,63.8,18.33,1009
18/03/2025,19:38:52,63.7,18.33,1003
18/03/2025,19:39:52,63.8,18.33,1000
18/03/2025,19:40:52,63.8,18.28,1005
18/03/2025,19:41:52,63.6,18.28,1023
18/03/2025,19:42:52,63.6,18.28,1035
18/03/2025,19:43:52,63.7,18.28,1045
18/03/2025,19:44:52,63.7,18.28,1054
18/03/2025,19:45:52,63.7,18.28,1065
18/03/2025,19:46:52,63.9,18.28,1073
18/03/2025,19:47:52,64.1,18.28,1090
18/03/2025,19:48:52,64,18.28,1106
18/03/2025,19:49:52,63.7,18.28,1118
18/03/2025,19:50:52,63.8,18.28,1119
18/03/2025,19:51:52,63.8,18.28,1122
18/03/2025,19:52:52,63.8,18.28,1136
18/03/2025,19:53:52,63.9,18.28,1142
18/03/2025,19:54:52,63.9,18.28,1155
18/03/2025,19:55:52,63.9,18.28,1167
18/03/2025,19:56:52,63.8,18.28,1175
18/03/2025,19:57:52,63.9,18.28,1186
18/03/2025,19:58:52,64.8,18.28,1229
18/03/2025,19:59:52,65,18.33,1272
18/03/2025,20:00:52,64.9,18.33,1290
18/03/2025,20:01:52,64.8,18.33,1287
18/03/2025,20:02:52,64.7,18.33,1298
18/03/2025,20:03:52,64.8,18.33,1309
18/03/2025,20:04:52,65.6,18.39,1339
18/03/2025,20:05:52,65.4,18.44,1368
18/03/2025,20:06:52,65.4,18.44,1366
18/03/2025,20:07:52,65,18.44,1371
18/03/2025,20:08:52,65.1,18.44,1377
18/03/2025,20:09:52,65.2,18.44,1397
18/03/2025,20:10:52,65.1,18.44,1410
18/03/2025,20:11:52,65,18.44,1430
18/03/2025,20:12:52,65.5,18.39,1449
18/03/2025,20:13:52,65.2,18.39,1455
18/03/2025,20:14:52,65.2,18.39,1469
18/03/2025,20:15:52,65.5,18.39,1486
18/03/2025,20:16:52,65.9,18.39,1513
18/03/2025,20:17:52,66.1,18.44,1526
18/03/2025,20:18:52,66.4,18.5,1512
18/03/2025,20:19:52,66.6,18.5,1500
18/03/2025,20:20:52,65.9,18.5,1452
18/03/2025,20:21:52,66.1,18.5,1422
18/03/2025,20:22:52,66,18.5,1420
18/03/2025,20:23:52,66.1,18.5,1438
18/03/2025,20:24:52,65.8,18.5,1457
18/03/2025,20:25:52,66,18.5,1482
18/03/2025,20:26:52,66,18.44,1506
18/03/2025,20:27:52,65.8,18.5,1512
18/03/2025,20:28:52,65.9,18.5,1541
18/03/2025,20:29:52,65.7,18.5,1559
18/03/2025,20:30:52,65.9,18.5,1570
18/03/2025,20:31:52,66.3,18.44,1584
18/03/2025,20:32:52,67.2,18.44,1567
18/03/2025,20:33:52,66.7,18.44,1509
18/03/2025,20:34:52,66.7,18.44,1438
18/03/2025,20:35:52,66.9,18.44,1425
18/03/2025,20:36:52,66.6,18.44,1458
18/03/2025,20:37:52,66.7,18.5,1520
18/03/2025,20:38:52,66.6,18.5,1526
18/03/2025,20:39:52,66.9,18.56,1545
18/03/2025,20:40:52,66.5,18.61,1559
18/03/2025,20:41:52,67,18.67,1613
18/03/2025,20:42:52,67,18.72,1674
18/03/2025,20:43:52,67,18.78,1746
18/03/2025,20:44:52,66.7,18.83,1814
18/03/2025,20:45:52,66.5,18.83,1794
18/03/2025,20:46:52,66.5,18.83,1774
18/03/2025,20:47:52,66.1,18.83,1719
18/03/2025,20:48:52,66.5,18.78,1712
18/03/2025,20:49:52,66.7,18.72,1730
18/03/2025,20:50:52,66.6,18.78,1743
18/03/2025,20:51:52,67.1,18.78,1740
18/03/2025,20:52:52,66.8,18.78,1755
18/03/2025,20:53:52,62.1,18.5,1304
18/03/2025,20:54:52,60.7,18.06,780
18/03/2025,20:55:52,61.6,17.72,670
18/03/2025,20:56:52,62.7,17.5,662
18/03/2025,20:57:52,62.8,17.33,643
18/03/2025,20:58:52,62.7,17.11,611
18/03/2025,20:59:52,63.1,16.94,549
18/03/2025,21:00:52,63,16.83,529
18/03/2025,21:01:52,63.7,16.72,507
18/03/2025,21:02:52,63.5,16.67,506
18/03/2025,21:03:52,64,16.61,494
18/03/2025,21:04:52,63.8,16.56,488
18/03/2025,21:05:52,63.8,16.5,475
18/03/2025,21:06:52,63.9,16.39,469
18/03/2025,21:07:52,64.2,16.39,461
18/03/2025,21:08:52,64.1,16.33,453
18/03/2025,21:09:52,64.1,16.28,450
18/03/2025,21:10:52,64.1,16.28,447
18/03/2025,21:11:52,64.4,16.17,442
18/03/2025,21:12:52,64.6,16.17,440
18/03/2025,21:13:52,65.3,16.28,445
18/03/2025,21:14:52,65.4,16.5,450
18/03/2025,21:15:52,65.4,16.72,461
18/03/2025,21:16:52,65.1,16.89,482
18/03/2025,21:17:52,64.7,17.06,508
18/03/2025,21:18:52,64.6,17.22,534
18/03/2025,21:19:52,64.3,17.33,561
18/03/2025,21:20:52,64.1,17.44,584
18/03/2025,21:21:52,64.1,17.56,600
18/03/2025,21:22:52,63.9,17.61,615
18/03/2025,21:23:52,63.8,17.67,629
18/03/2025,21:24:52,63.7,17.72,641
18/03/2025,21:25:52,63.6,17.78,654
18/03/2025,21:26:52,63.7,17.83,667
18/03/2025,21:27:52,63.7,17.89,686
18/03/2025,21:28:52,63.8,17.89,702
18/03/2025,21:29:52,63.7,17.94,718
18/03/2025,21:30:52,63.8,18,736
18/03/2025,21:31:52,63.7,18,757
18/03/2025,21:32:52,63.7,18.06,773
18/03/2025,21:33:52,63.8,18.06,785
18/03/2025,21:34:52,63.8,18.11,796
18/03/2025,21:35:52,63.7,18.11,814
18/03/2025,21:36:52,63.8,18.17,832
18/03/2025,21:37:52,63.8,18.17,841
18/03/2025,21:38:52,63.8,18.17,856
18/03/2025,21:39:52,63.8,18.22,872
18/03/2025,21:40:52,63.8,18.22,888
18/03/2025,21:41:52,63.8,18.28,902
18/03/2025,21:42:52,63.8,18.28,910
18/03/2025,21:43:52,63.8,18.28,925
18/03/2025,21:44:52,63.8,18.33,944
18/03/2025,21:45:52,63.8,18.33,960
18/03/2025,21:46:52,63.8,18.33,984
18/03/2025,21:47:52,63.8,18.39,1005
18/03/2025,21:48:52,64,18.39,1020
18/03/2025,21:49:52,64,18.39,1041
18/03/2025,21:50:52,63.9,18.44,1056
18/03/2025,21:51:52,63.8,18.44,1075
18/03/2025,21:52:52,64,18.44,1090
18/03/2025,21:53:52,64,18.5,1103
18/03/2025,21:54:52,64,18.5,1116
18/03/2025,21:55:52,64,18.5,1133
18/03/2025,21:56:52,64.1,18.56,1148
18/03/2025,21:57:52,64.1,18.56,1167
18/03/2025,21:58:52,64.1,18.56,1190
18/03/2025,21:59:52,64.1,18.56,1206
18/03/2025,22:00:52,64.2,18.61,1217
18/03/2025,22:01:52,64.2,18.61,1236
18/03/2025,22:02:52,64.3,18.61,1253
18/03/2025,22:03:52,64.3,18.61,1273
18/03/2025,22:04:52,64.2,18.67,1290
18/03/2025,22:05:52,64.8,18.67,1364
18/03/2025,22:06:52,64.5,18.72,1369
18/03/2025,22:07:52,64.5,18.72,1374
18/03/2025,22:08:52,64.4,18.72,1394
18/03/2025,22:09:52,64.5,18.72,1409
18/03/2025,22:10:52,64.2,18.72,1424
18/03/2025,22:11:52,64.3,18.72,1428
18/03/2025,22:12:52,64.2,18.72,1442
18/03/2025,22:13:52,64.2,18.72,1453
18/03/2025,22:14:52,64.2,18.72,1467
18/03/2025,22:15:52,64.2,18.67,1482
18/03/2025,22:16:52,64.1,18.67,1495
18/03/2025,22:17:52,64.2,18.67,1514
18/03/2025,22:18:52,64.4,18.67,1531
18/03/2025,22:19:52,64.4,18.67,1548
18/03/2025,22:20:52,64.4,18.67,1559
18/03/2025,22:21:52,64.5,18.67,1573
18/03/2025,22:22:52,64.6,18.67,1589
18/03/2025,22:23:52,64.5,18.67,1604
18/03/2025,22:24:52,64.6,18.67,1610
18/03/2025,22:25:52,64.7,18.72,1622
18/03/2025,22:26:52,64.9,18.72,1636
18/03/2025,22:27:52,64.7,18.78,1655
18/03/2025,22:28:52,64.9,18.78,1688
18/03/2025,22:29:52,65,18.83,1712
18/03/2025,22:30:52,64.9,18.83,1733
18/03/2025,22:31:52,64.9,18.83,1750
18/03/2025,22:32:52,65.4,18.83,1771
18/03/2025,22:33:52,65.4,18.83,1801
18/03/2025,22:34:52,65.3,18.83,1827
18/03/2025,22:35:52,65.2,18.78,1843
18/03/2025,22:36:52,65.2,18.78,1856
18/03/2025,22:37:52,65.4,18.78,1872
18/03/2025,22:38:52,65.4,18.78,1887
18/03/2025,22:39:52,65.2,18.78,1890
18/03/2025,22:40:52,65.6,18.78,1898
18/03/2025,22:41:52,65.6,18.72,1906
18/03/2025,22:42:52,65.3,18.72,1918
18/03/2025,22:43:52,65.3,18.72,1931
18/03/2025,22:44:52,65.6,18.72,1949
18/03/2025,22:45:52,65.7,18.72,1957
18/03/2025,22:46:52,65.7,18.72,1982
18/03/2025,22:47:52,65.6,18.72,2001
18/03/2025,22:48:52,65.9,18.72,2016
18/03/2025,22:49:52,65.3,18.72,2038
18/03/2025,22:50:52,65.8,18.72,2041
18/03/2025,22:51:52,65.7,18.72,2040
18/03/2025,22:52:52,65.9,18.72,2056
18/03/2025,22:53:52,65.7,18.72,2076
18/03/2025,22:54:52,65.7,18.72,2083
18/03/2025,22:55:52,65.8,18.72,2085
18/03/2025,22:56:52,65.8,18.72,2089
18/03/2025,22:57:52,65.9,18.72,2109
18/03/2025,22:58:52,65.8,18.72,2124
18/03/2025,22:59:52,66,18.72,2133
18/03/2025,23:00:52,65.9,18.72,2149
18/03/2025,23:01:52,65.8,18.72,2162
18/03/2025,23:02:52,65.9,18.72,2171
18/03/2025,23:03:52,66.4,18.72,2179
18/03/2025,23:04:52,66.6,18.72,2203
18/03/2025,23:05:52,66,18.72,2212
18/03/2025,23:06:52,66.1,18.72,2225
18/03/2025,23:07:52,66.5,18.72,2233
18/03/2025,23:08:52,66.5,18.72,2244
18/03/2025,23:09:52,66.2,18.67,2236
18/03/2025,23:10:52,66.2,18.67,2226
18/03/2025,23:11:52,66.2,18.67,2225
18/03/2025,23:12:52,66.1,18.67,2223
18/03/2025,23:13:52,66.5,18.67,2205
18/03/2025,23:14:52,66.6,18.67,2205
18/03/2025,23:15:52,66.6,18.67,2225
18/03/2025,23:16:52,66.3,18.67,2244
18/03/2025,23:17:52,66.5,18.67,2265
18/03/2025,23:18:52,66.8,18.67,2274
18/03/2025,23:19:52,66.5,18.67,2290
18/03/2025,23:20:52,66.4,18.67,2289
18/03/2025,23:21:52,66.5,18.67,2296
18/03/2025,23:22:52,66.5,18.61,2315
18/03/2025,23:23:52,66.7,18.61,2340
18/03/2025,23:24:52,67.1,18.61,2363
18/03/2025,23:25:52,66.8,18.61,2385
18/03/2025,23:26:52,66.7,18.61,2401
18/03/2025,23:27:52,67.1,18.61,2397
18/03/2025,23:28:52,67.2,18.61,2413
18/03/2025,23:29:52,66.9,18.61,2431
18/03/2025,23:30:52,67.2,18.61,2443
18/03/2025,23:31:52,67.2,18.61,2455
18/03/2025,23:32:52,66.9,18.61,2474
18/03/2025,23:33:52,67,18.61,2481
18/03/2025,23:34:52,67.1,18.61,2480
18/03/2025,23:35:52,67.1,18.61,2481
18/03/2025,23:36:52,67.2,18.61,2499
18/03/2025,23:37:52,67.1,18.61,2516
18/03/2025,23:38:52,67.4,18.61,2530
18/03/2025,23:39:52,67,18.61,2534
18/03/2025,23:40:52,67.2,18.61,2536
18/03/2025,23:41:52,67.3,18.61,2557
18/03/2025,23:42:52,66.9,18.61,2560
18/03/2025,23:43:52,67.2,18.61,2553
18/03/2025,23:44:52,67.2,18.61,2534
18/03/2025,23:45:52,67.2,18.61,2532
18/03/2025,23:46:52,67.1,18.61,2521
18/03/2025,23:47:52,67.3,18.61,2519
18/03/2025,23:48:52,67.5,18.61,2523
18/03/2025,23:49:52,67.5,18.61,2551
18/03/2025,23:50:52,67.8,18.61,2585
18/03/2025,23:51:52,67.3,18.61,2611
18/03/2025,23:52:52,67.5,18.61,2628
18/03/2025,23:53:52,67.6,18.61,2636
18/03/2025,23:54:52,67.8,18.61,2647
18/03/2025,23:55:52,67.8,18.61,2661
18/03/2025,23:56:52,67.7,18.61,2685
18/03/2025,23:57:52,67.6,18.61,2690
18/03/2025,23:58:52,67.3,18.61,2683
18/03/2025,23:59:52,67.8,18.61,2677
19/03/2025,00:00:52,67.7,18.61,2667
19/03/2025,00:01:52,67.7,18.61,2668
19/03/2025,00:02:52,68,18.61,2690
19/03/2025,00:03:52,67.6,18.61,2690
19/03/2025,00:04:52,68.1,18.61,2695
19/03/2025,00:05:52,67.9,18.61,2698
19/03/2025,00:06:52,67.9,18.61,2705
19/03/2025,00:07:52,67.8,18.61,2726
19/03/2025,00:08:52,67.8,18.61,2734
19/03/2025,00:09:52,67.6,18.61,2741
19/03/2025,00:10:52,67.8,18.61,2742
19/03/2025,00:11:52,67.6,18.61,2759
19/03/2025,00:12:52,68.1,18.61,2792
19/03/2025,00:13:52,67.9,18.61,2799
19/03/2025,00:14:52,68.1,18.61,2800
19/03/2025,00:15:52,68,18.61,2806
19/03/2025,00:16:52,68.1,18.61,2811
19/03/2025,00:17:52,68.3,18.61,2822
19/03/2025,00:18:52,68.2,18.61,2816
19/03/2025,00:19:52,68.1,18.67,2808
19/03/2025,00:20:52,68.1,18.67,2814
19/03/2025,00:21:52,68,18.67,2818
19/03/2025,00:22:52,68.3,18.67,2826
19/03/2025,00:23:52,68.2,18.61,2831
19/03/2025,00:24:52,68.2,18.61,2837
19/03/2025,00:25:52,68.1,18.61,2863
19/03/2025,00:26:52,68.3,18.61,2891
19/03/2025,00:27:52,67.9,18.61,2900
19/03/2025,00:28:52,68.4,18.61,2887
19/03/2025,00:29:52,68.5,18.61,2873
19/03/2025,00:30:52,68.2,18.67,2885
19/03/2025,00:31:52,68.6,18.67,2886
19/03/2025,00:32:52,68.3,18.67,2899
19/03/2025,00:33:52,68.5,18.67,2907
19/03/2025,00:34:52,68.2,18.67,2903
19/03/2025,00:35:52,67.9,18.67,2909
19/03/2025,00:36:52,68.1,18.67,2910
19/03/2025,00:37:52,68.1,18.67,2924
19/03/2025,00:38:52,68,18.67,2944
19/03/2025,00:39:52,68,18.67,2968
19/03/2025,00:40:52,67.9,18.72,2973
19/03/2025,00:41:52,68.3,18.72,2989
19/03/2025,00:42:52,70.7,18.78,3039
19/03/2025,00:43:52,66.2,20.17,3333